record_type,session_no,direction,seq,role,mode,category,condition,feeling,time_of_day,lat,lng,label,note,created_at
journey_point,1,forward,1,start,foot,,,,,19.132336658676,72.9147791862488,hostel,,2026-10-06T07:59:02.659641+00:00
journey_point,1,forward,2,transit,bus,,,,,19.1246951101246,72.9166889190674,bus stop,,2026-10-06T07:59:02.659641+00:00
journey_point,1,forward,3,transit,metro,,,,,19.1042995985362,72.8870344161987,metro,,2026-10-06T07:59:02.659641+00:00
journey_point,1,forward,4,transit,foot,,,,,18.9697723145351,72.8333044052124,,,2026-10-06T07:59:02.659641+00:00
journey_point,1,forward,5,destination,,,,,,18.9618597600415,72.8319311141968,office,,2026-10-06T07:59:02.659641+00:00
journey_point,1,return,1,start,foot,,,,,18.9618597600415,72.8319311141968,office,,2026-10-06T07:59:02.659641+00:00
journey_point,1,return,2,transit,metro,,,,,18.9697723145351,72.8333044052124,metro,,2026-10-06T07:59:02.659641+00:00
journey_point,1,return,3,transit,bus,,,,,19.1042995985362,72.8870344161987,metro,,2026-10-06T07:59:02.659641+00:00
journey_point,1,return,4,transit,foot,,,,,19.1246951101246,72.9166889190674,bus stop,,2026-10-06T07:59:02.659641+00:00
journey_point,1,return,5,destination,,,,,,19.132336658676,72.9147791862488,hostel,,2026-10-06T07:59:02.659641+00:00
experience,1,forward,,,,Security & help,CCTV visible,neutral,Not sure,18.9660157757399,72.8316307067871,,,2026-10-06T07:59:02.886525+00:00
experience,1,forward,,,,Lighting,Partly lit,safe,Evening,18.9780840183932,72.8358364105225,,,2026-10-06T07:59:02.886525+00:00
experience,1,forward,,,,Public transport,"Infrequent service, long waits",safe,Not sure,18.993383512307,72.8430461883545,,,2026-10-06T07:59:02.886525+00:00
